"risorse_id","codice","descrizione","tipo","color","bordercolor","backgroundcolor","dragbackgroundcolor"
0,"0","0",NULL,NULL,NULL,NULL,NULL
1,"d1","Dott. Topolino","M","black","yellow","yellow","lightyellow"
2,"d2","Dott. Pippo","M","black","green","green","lightgreen"
3,"d3","Dott. Paperino","M","black","red","red","lightred"
4,"i1","Infermiere Minnie","I","black","aqua","aqua","aqua"
5,"i2","Infermiere Clarabella","I","black","aqua","aqua","aqua"
6,"i3","Infermiere Paperina","I","black","aqua","aqua","aqua"
7,"s1","Sala visite","S","black","grey","grey","grey"
8,"s2","Sala prelievi","S","black","grey","grey","grey"
